<?xml version="1.0"?>
<team>
  <person>
    <id>2</id>
    <email>john.doe@example-architects.local</email>
    <name>John Doe</name>
    <role>CEO &amp; Основатель</role>
    <summary>
      <![CDATA[
      John закончил обучение со степенью бакалавра архитектуры. Он любит путешествовать
      и получать новые впечатления и вдохновение.   
      ]]>
    </summary>
    <text>
      <![CDATA[
      John является основателем и генеральным директором компании EXAMPLE Architects.
      До основания компании в 1996 году, Джон работал в Копенгагене и Берлине
      для известные компании. "Моя цель как архитектора состоит в том, чтобы помогать
      клиентам в реализации следующих задач зданий, которые поддерживают их амбиции
      и мечты. для продвижения по службе. Я верю, что здание усилит вкус и ценности.
      Его владельцев и пользователей могут и должны отражать философию", которая
      пронизывает всю компанию.<br/>
      <br/>
      John закончил обучение со степенью бакалавра архитектуры. Он любит путешествовать
      и искать новые впечатления и вдохновения; архитектура - его страсть.     
      ]]>
    </text>
  </person>
  <person>
    <id>1</id>
    <email>jane.doe@example-architects.local</email>
    <name>Jane Doe</name>
    <role>Архитектор</role>
    <summary>
      С момента присоединения к компании в 2016 году Джейн отвечает за технико-экономическое
      обоснование, разработку, планирование и управление проектами.   
    </summary>
    <text>
      <![CDATA[
      ]]>
    </text>
  </person>
  <person>
    <id>3</id>
    <email>mike.ross@example-architects.local</email>>
    <name>Mike Ross</name>
    <role>Архитектор</role>
    <summary>
      Mike получил множество национальных и международных наград, известен во всем
      мире и пользуется большой популярностью благодаря своему опыту.   
    </summary>
    <text>
      <![CDATA[
      ]]>
    </text>
  </person>
  <person>
    <id>4</id>
    <email>dan.star@@example-architects.local</email>
    <name>Dan Star</name>
    <role>Архитектор</role>
    <summary>
      Dan обладает обширными знаниями в области Building Information Modeling (BIM),
      технического и устойчивого проектирования и эксплуатации зданий.  
    </summary>
    <text>
      <![CDATA[
      ]]>
    </text>
  </person>
</team>