<?xml version="1.0"?>
<!DOCTYPE locales [
  <!ENTITY auml "&#228;">
  <!ENTITY ouml "&#246;">
  <!ENTITY uuml "&#252;">
  <!ENTITY Auml "&#196;">
  <!ENTITY Ouml "&#214;">
  <!ENTITY Uuml "&#220;">
  <!ENTITY CRLF "">
]>
<locales>
  <de>
    <label key="about.title" value="&Uuml;ber uns"/>
    <label key="about.text">
      <![CDATA[
      Wir bieten Beratungsleistungen in allen Aspekten der Architektur von der Konzeption
      bis zur Implementierung an.<br/>
      EXAMPLE Architects schafft transformative Kultur-, Unternehmens-, Wohn- und
      andere R&auml;ume, die sich nahtlos in ihre Umgebung integrieren lassen.<br/>
      Architektur ist unsere lebendige Leidenschaft und wir geben sie gerne an unsere
      Kunden weiter.
      ]]> 
    </label>

    <label key="calendar.day.1.short" value="Mo"/>
    <label key="calendar.day.2.short" value="Di"/>
    <label key="calendar.day.3.short" value="Mi"/>
    <label key="calendar.day.4.short" value="Do"/>
    <label key="calendar.day.5.short" value="Fr"/>
    <label key="calendar.day.6.short" value="Sa"/>
    <label key="calendar.day.7.short" value="So"/>
    
    <label key="common.text.closed" value="geschlossen"/>
    <label key="common.text.download" value="Herunterladen"/>
    <label key="common.text.powered" value="Unterst&uuml;tzt von"/>
    
    <label key="company.name.1" value="EXAMPLE"/>
    <label key="company.name.2" value="Architects"/>

    <label key="contact.title" value="Kontakt"/>
    <label key="contact.text">
      Lassen Sie uns Kontakt aufnehmen und &uuml;ber Ihr n&auml;chstes Projekt sprechen.
    </label>
    <label key="contact.office.hours.title" value="B&uuml;rozeiten"/>
    <label key="contact.form.name.title" value="Name"/>
    <label key="contact.form.email.title" value="E-Mail"/>
    <label key="contact.form.subject.title" value="Betreff"/>
    <label key="contact.form.comment.title" value="Nachricht"/>
    <label key="contact.form.send.title" value="NACHRICHT SENDEN"/>
    <label key="contact.map.title" value="Map"/>
    <label key="contact.mail.title">{{Messages['company.name.1']}} {{Messages['company.name.2']}} - Bitte um Kontaktaufnahme</label>
    <label key="contact.mail.message">
      Hallo {1},&CRLF;
      &CRLF;
      bitte kontaktieren Sie mich wie folgt:
    </label>
    <!--
    
        The use of regular or numerical expressions for validation and their outsourcing
        is highly recommended. In this way, the rules can be easily used on the
        server and client side and the server can make this available to the client.  
    
    -->
    <label key="contact.name.pattern" value="^\\S((.){0,48}\\S){0,1}$"/>
    <label key="contact.name.message" value="Pflichteingabe mit maximal 50 Zeichen ohne Leerzeichen am Anfang und am Ende."/>
    <label key="contact.email.pattern" value="^[a-z0-9]+([\\w\\.\\-]*[a-z0-9])*@[a-z0-9]+([\\w\\.\\-]*[a-z0-9])*$"/>
    <label key="contact.email.message" value="Pflichteingabe einer g&uuml;ltigen E-Mail-Adresse."/>
    <label key="contact.subject.pattern" value="^\\S((.){0,48}\\S){0,1}$"/>
    <label key="contact.subject.message" value="Pflichteingabe mit maximal 50 Zeichen ohne Leerzeichen am Anfang und am Ende."/>
    <label key="contact.comment.pattern" value="^\\s*(\\S(.{0,96}\\S){0,1})\\s*$"/>
    <label key="contact.comment.message" value="Pflichteingabe mit maximal 100 Zeichen."/>
    
    <label key="locale.de.title" value="Deutsch"/>
    <label key="locale.en.title" value="English"/>
    <label key="locale.ru.title" value="Русский"/>
    
    <label key="material.title" value="Material"/>
    
    <label key="materials.id.title" value="Material"/>
    <label key="materials.density.title" value="Dichte"/>
    <label key="materials.pei.title" value="Primärenergieinhalt"/>
    <label key="materials.tc.title" value="Wärmeleitfähigkeit"/>
    <label key="materials.drf.title" value="Diffusionswiderstand"/>
    
    <label key="person.title" value="Team Details (Beispiel)"/>
    
    <label key="projects.title" value="Projekte"/>
    
    <label key="project.title" value="Projekt Details (Beispiel)"/>
    <label key="project.type.brick.title" value="Massivhaus"/>
    <label key="project.type.renovated.title" value="Renovierung"/>
    <label key="project.type.summer.title" value="Sommerhaus"/>
    <label key="project.type.prefab.title" value="Fertighaus"/>  
    
    <label key="sustainability.title" value="Nachhaltigkeit"/>
    <label key="sustainability.text"> 
      <![CDATA[
      Nachhaltigkeit auch bei den Baumaterialen.<br/>
      Wir beschäftigen uns schon viele Jahren mit den Baustoffen die wir verwenden
      und kennen deren physikalischen Eigenschaften und CO2-Fussabdruck der Herstellung.
      ]]> 
    </label>
  </de>
  
  <!-- - - - - - - - - - - - - - - - - - - - - - - - - - - - - - - - - - - - -->
  
  <en default="true">
    <label key="about.title" value="About"/>
    <label key="about.text">
      <![CDATA[
      We provide consulting services in all aspects of architecture from conception
      to implementation.<br/>
      EXAMPLE Architects creates transformative cultural, corporate, residential
      and other spaces that integrate seamlessly into their environment.<br/>
      Architecture is our living passion and we are happy to pass it on to
      our customers.
      ]]> 
    </label>

    <label key="calendar.day.1.short" value="Mon"/>
    <label key="calendar.day.2.short" value="Tue"/>
    <label key="calendar.day.3.short" value="Wed"/>
    <label key="calendar.day.4.short" value="Thu"/>
    <label key="calendar.day.5.short" value="Fri"/>
    <label key="calendar.day.6.short" value="Sat"/>
    <label key="calendar.day.7.short" value="Sun"/>
    
    <label key="common.text.closed" value="closed"/>
    <label key="common.text.download" value="Download"/>
    <label key="common.text.powered" value="Powered by"/>
    
    <label key="company.name.1" value="EXAMPLE"/>
    <label key="company.name.2" value="Architects"/>

    <label key="contact.title" value="Contact"/>
    <label key="contact.text">
      Lets get in touch and talk about your next project.
    </label>
    <label key="contact.office.hours.title" value="Office Hours"/>
    <label key="contact.form.name.title" value="Name"/>
    <label key="contact.form.email.title" value="Email"/>
    <label key="contact.form.subject.title" value="Subject"/>
    <label key="contact.form.comment.title" value="Comment"/>
    <label key="contact.form.send.title" value="SEND MESSAGE"/>
    <label key="contact.map.title" value="Map"/>
    <label key="contact.mail.title">{{Messages['company.name.1']}} {{Messages['company.name.2']}} - Please contact me</label>
    <label key="contact.mail.message">
      Hello {1},&CRLF;
      &CRLF;
      please contact me as follows:
    </label>
    <!--
    
        The use of regular or numerical expressions for validation and their outsourcing
        is highly recommended. In this way, the rules can be easily used on the
        server and client side and the server can make this available to the client.  
    
    -->
    <label key="contact.name.pattern" value="^\\S((.){0,48}\\S){0,1}$"/>
    <label key="contact.name.message" value="Mandatory input with a maximum of 50 characters without spaces at the beginning and end."/>
    <label key="contact.email.pattern" value="^[a-z0-9]+([\\w\\.\\-]*[a-z0-9])*@[a-z0-9]+([\\w\\.\\-]*[a-z0-9])*$"/>
    <label key="contact.email.message" value="Mandatory input of a valid e-mail address."/>
    <label key="contact.subject.pattern" value="^\\S((.){0,48}\\S){0,1}$"/>
    <label key="contact.subject.message" value="Mandatory input with a maximum of 50 characters without spaces at the beginning and end."/>
    <label key="contact.comment.pattern" value="^\\s*(\\S(.{0,96}\\S){0,1})\\s*$"/>
    <label key="contact.comment.message" value="Mandatory input with maximum 100 characters."/>

    <label key="locale.de.title" value="Deutsch"/>
    <label key="locale.en.title" value="English"/>
    <label key="locale.ru.title" value="Русский"/>
    
    <label key="material.title" value="Material"/>
    
    <label key="materials.id.title" value="Material"/>
    <label key="materials.density.title" value="Density"/>
    <label key="materials.pei.title" value="Primary energy content"/>
    <label key="materials.tc.title" value="Thermal conductivity"/>
    <label key="materials.drf.title" value="Diffusion resistance"/>
    
    <label key="person.title" value="Team Details (Example)"/>
    
    <label key="projects.title" value="Projects"/>
    
    <label key="project.title" value="Project Details (Example)"/>
    <label key="project.type.brick.title" value="Brick House"/>
    <label key="project.type.renovated.title" value="Renovated"/>
    <label key="project.type.summer.title" value="Summer House"/>
    <label key="project.type.prefab.title" value="Prefab House"/>  
    
    <label key="sustainability.title" value="Sustainability"/>
    <label key="sustainability.text">
      <![CDATA[
      Sustainability also in building materials.<br/>
      We have been studying the building materials we use for many years and know
      their physical properties and CO2 footprint of production.
      ]]>
    </label>
  </en>
  
  <!-- - - - - - - - - - - - - - - - - - - - - - - - - - - - - - - - - - - - -->
  
  <ru>
    <label key="about.title" value="O нас"/>
    <label key="about.text">
      <![CDATA[
      Мы предлагаем консультационные услуги по всем аспектам архитектуры, от разработки
      концепции до реализации проекта.<br/>
      EXAMPLE Architects создает преобразующие культурные, корпоративные, жилые
      и другие среды, которые могут быть легко интегрированы в их среду.
      Архитектура - это наша живая страсть, и мы с удовольствием передаем ее нашим
      клиентам.
      ]]> 
    </label>

    <label key="calendar.day.1.short" value="ПО"/>
    <label key="calendar.day.2.short" value="ВТ"/>
    <label key="calendar.day.3.short" value="СР"/>
    <label key="calendar.day.4.short" value="ЧТ"/>
    <label key="calendar.day.5.short" value="ПТ"/>
    <label key="calendar.day.6.short" value="СБ"/>
    <label key="calendar.day.7.short" value="ВС"/>
    
    <label key="common.text.closed" value="закрыт"/>
    <label key="common.text.download" value="Скачать"/>
    <label key="common.text.powered" value="При поддержке"/>
    
    <label key="company.name.1" value="EXAMPLE"/>
    <label key="company.name.2" value="Architects"/>

    <label key="contact.title" value="Контакт"/>
    <label key="contact.text">
      Давайте свяжемся и поговорим о вашем следующем проекте.
    </label>
    <label key="contact.office.hours.title" value="Часы работы"/>
    <label key="contact.form.name.title" value="Наименование"/>
    <label key="contact.form.email.title" value="Электронная почта"/>
    <label key="contact.form.subject.title" value="Субъект"/>
    <label key="contact.form.comment.title" value="Весть"/>
    <label key="contact.form.send.title" value="ОТПРАВИТЬ СООБЩЕНИЕ"/>
    <label key="contact.map.title" value="Карта"/>
    <label key="contact.mail.title">{{Messages['company.name.1']}} {{Messages['company.name.2']}} - Просим связаться</label>
    <label key="contact.mail.message">
      Здравствуй {1},&CRLF;
      &CRLF;
      пожалуйста, свяжитесь со мной следующим образом:
    </label>
    <!--
    
        The use of regular or numerical expressions for validation and their outsourcing
        is highly recommended. In this way, the rules can be easily used on the
        server and client side and the server can make this available to the client.  
    
    -->
    <label key="contact.name.pattern" value="^\\S((.){0,48}\\S){0,1}$"/>
    <label key="contact.name.message" value="Обязательный ввод максимум 50 символов без пробелов в начале и в конце."/>
    <label key="contact.email.pattern" value="^[a-z0-9]+([\\w\\.\\-]*[a-z0-9])*@[a-z0-9]+([\\w\\.\\-]*[a-z0-9])*$"/>
    <label key="contact.email.message" value="Обязательный ввод действительного адреса электронной почты."/>
    <label key="contact.subject.pattern" value="^\\S((.){0,48}\\S){0,1}$"/>
    <label key="contact.subject.message" value="Обязательный ввод максимум 50 символов без пробелов в начале и в конце."/>
    <label key="contact.comment.pattern" value="^\\s*(\\S(.{0,96}\\S){0,1})\\s*$"/>
    <label key="contact.comment.message" value="Обязательный ввод максимум 100 символов."/>

    <label key="locale.de.title" value="Deutsch"/>
    <label key="locale.en.title" value="English"/>
    <label key="locale.ru.title" value="Русский"/>
    
    <label key="material.title" value="Материал"/>
    
    <label key="materials.id.title" value="Материал"/>
    <label key="materials.density.title" value="Дихте"/>
    <label key="materials.pei.title" value="Содержание первичной энергии"/>
    <label key="materials.tc.title" value="Тепловая проводимость"/>
    <label key="materials.drf.title" value="Диффузионное сопротивление"/>
    
    <label key="person.title" value="Детали команды (пример)"/>
      
    <label key="projects.title" value="Проекты"/>
    <label key="project.title" value="Детали проекта (пример)"/>
    <label key="project.type.brick.title" value="Mассивный дом"/>
    <label key="project.type.renovated.title" value="Ремонт"/>
    <label key="project.type.summer.title" value="Дача"/>
    <label key="project.type.prefab.title" value="Сборный"/>    
    
    <label key="sustainability.title" value="Устойчивость"/>
    <label key="sustainability.text">
      <![CDATA[
      Устойчивость также в строительных материалах.<br/>
      Мы изучаем используемые нами строительные материалы на протяжении многих лет
      и знаем их физические свойства и CO2-отпечаток производства.
      ]]> 
    </label>
  </ru>
</locales>