<?xml version="1.0"?>
<!DOCTYPE portfolio [
  <!ENTITY auml "&#228;">
  <!ENTITY ouml "&#246;">
  <!ENTITY uuml "&#252;">
  <!ENTITY Auml "&#196;">
  <!ENTITY Ouml "&#214;">
  <!ENTITY Uuml "&#220;">
]>
<portfolio>
  <project>
    <id>1</id>
    <title>Sommerhaus</title>
    <summary>
      <![CDATA[
      ]]>    
    </summary>
    <text>
      <![CDATA[
      ]]>    
    </text>
  </project>
  <project>
    <id>2</id>
    <title>Massivhaus</title>
    <summary>
      <![CDATA[
      ]]>    
    </summary>
    <text>
      <![CDATA[
      ]]>    
    </text>
  </project>
  <project>
    <id>3</id>
    <title>Renovierung</title>
    <summary>
      <![CDATA[
      ]]>    
    </summary>
    <text>
      <![CDATA[
      ]]>    
    </text>
  </project>
  <project>
    <id>4</id>
    <title>Fertighaus</title>
    <summary>
      <![CDATA[
      ]]>    
    </summary>
    <text>
      <![CDATA[
      ]]>    
    </text>
  </project>
  <project>
    <id>5</id>
    <title>Sommerhaus</title>
    <summary>
      <![CDATA[
      Schlichte Eleganz in Klinker und Holz.
      ]]>    
    </summary>
    <text>
      <![CDATA[
      Sommerhaus mit zwei Schlafzimmern, zwei Badezimmern, Wohnzimmer, Esszimmer,
      K&uuml;che, Sauna und Kamin f&uuml;r bis zu 6 Personen. Fussbodenheizung
      mit Gas-Therme.<br/>
      <br/>
      Der grossz&uuml;gige Wohnbereich ist mit edlem Echtholz ausgestattet. Im
      Erdgeschoss befinden sich eine K&uuml;che, ein Duschbad mit Sauna und im
      ersten Stock zwei Schlafzimmer mit Bad und WC.
      ]]>    
    </text>
  </project>
  <project>
    <id>6</id>
    <title>Massivhaus</title>
    <summary>
      <![CDATA[
      ]]>    
    </summary>
    <text>
      <![CDATA[
      ]]>    
    </text>
  </project>
  <project>
    <id>7</id>
    <title>Renovierung</title>
    <summary>
      <![CDATA[
      ]]>    
    </summary>
    <text>
      <![CDATA[
      ]]>    
    </text>
  </project>
  <project>
    <id>8</id>
    <title>Fertighaus</title>
    <summary>
      <![CDATA[
      ]]>    
    </summary>
    <text>
      <![CDATA[
      ]]>    
    </text>
  </project>
</portfolio>