<?xml version="1.0"?>
<portfolio>
  <project>
    <id>1</id>
    <title>Дача</title>
    <summary>
      <![CDATA[
      ]]>    
    </summary>
    <text>
      <![CDATA[
      ]]>    
    </text>
  </project>
  <project>
    <id>2</id>
    <title>Mассивный дом</title>
    <summary>
      <![CDATA[
      ]]>    
    </summary>
    <text>
      <![CDATA[
      ]]>    
    </text>
  </project>
  <project>
    <id>3</id>
    <title>Ремонт</title>
    <summary>
      <![CDATA[
      ]]>    
    </summary>
    <text>
      <![CDATA[
      ]]>    
    </text>
  </project>
  <project>
    <id>4</id>
    <title>Сборный</title>
    <summary>
      <![CDATA[
      ]]>    
    </summary>
    <text>
      <![CDATA[
      ]]>    
    </text>
  </project>
  <project>
    <id>5</id>
    <title>Дача</title>
    <summary>
      <![CDATA[
      Простая элегантность в клинкере и дереве.
      ]]>    
    </summary>
    <text>
      <![CDATA[
      Летний домик с двумя спальнями, двумя ванными комнатами, гостиной, столовой,
      кухней, сауной и камином на 6 персон. Половое отопление с газовым котлом.<br/>
      <br/>
      Просторная гостиная оборудована натуральным натуральным деревом. На первом
      этаже находится кухня, душевая комната с сауной, а на втором этаже две спальни
      с ванной и туалетом.       
      ]]>    
    </text>
  </project>
  <project>
    <id>6</id>
    <title>Mассивный дом</title>
    <summary>
      <![CDATA[
      ]]>    
    </summary>
    <text>
      <![CDATA[
      ]]>    
    </text>
  </project>
  <project>
    <id>7</id>
    <title>Ремонт</title>
    <summary>
      <![CDATA[
      ]]>    
    </summary>
    <text>
      <![CDATA[
      ]]>    
    </text>
  </project>
  <project>
    <id>8</id>
    <title>Сборный</title>
    <summary>
      <![CDATA[
      ]]>    
    </summary>
    <text>
      <![CDATA[
      ]]>    
    </text>
  </project>
</portfolio>