<?xml version="1.0"?>
<!-- The REST interface is simulated via XML file -->
<set>
  <data>
    <id>1</id>
    <density>7800</density>
    <pei_1>79892</pei_1>
    <pei_2>22192</pei_2>
    <tc>50</tc>
    <drf>-1</drf>
  </data>
  <data>
    <id>2</id>
    <density>7800</density>
    <pei_1>231561</pei_1>
    <pei_2>64323</pei_2>
    <tc>50</tc>
    <drf>-1</drf>
  </data>
  <data>
    <id>3</id>
    <density>7800</density>
    <pei_1>233808</pei_1>
    <pei_2>64947</pei_2>
    <tc>50</tc>
    <drf>-1</drf>
  </data>
  <data>
    <id>4</id>
    <density>7900</density>
    <pei_1>382918</pei_1>
    <pei_2>106366</pei_2>
    <tc>25</tc>
    <drf>-1</drf>
  </data>
  <data>
    <id>5</id>
    <density>2800</density>
    <pei_1>396062</pei_1>
    <pei_2>110017</pei_2>
    <tc>160</tc>
    <drf>-1</drf>
  </data>
  <data>
    <id>6</id>
    <density>8900</density>
    <pei_1>92715</pei_1>
    <pei_2>25754</pei_2>
    <tc>380</tc>
    <drf>-1</drf>
  </data>
  <data>
    <id>7</id>
    <density>7100</density>
    <pei_1>336879</pei_1>
    <pei_2>93577</pei_2>
    <tc>110</tc>
    <drf>-1</drf>
  </data>
  <data>
    <id>8</id>
    <density>8400</density>
    <pei_1>177447</pei_1>
    <pei_2>49291</pei_2>
    <tc>120</tc>
    <drf>-1</drf>
  </data>
  <data>
    <id>9</id>
    <density>360</density>
    <pei_1>1974</pei_1>
    <pei_2>548</pei_2>
    <tc>0.16</tc>
    <drf>3</drf>
  </data>
  <data>
    <id>10</id>
    <density>90</density>
    <pei_1>672</pei_1>
    <pei_2>187</pei_2>
    <tc>0.06</tc>
    <drf>3</drf>
  </data>
  <data>
    <id>11</id>
    <density>150</density>
    <pei_1>807</pei_1>
    <pei_2>224</pei_2>
    <tc>0.5</tc>
    <drf>5</drf>
  </data>
  <data>
    <id>12</id>
    <density>46</density>
    <pei_1>865</pei_1>
    <pei_2>239</pei_2>
    <tc>0.05</tc>
    <drf>1</drf>
  </data>
  <data>
    <id>13</id>
    <density>153</density>
    <pei_1>4544</pei_1>
    <pei_2>1262</pei_2>
    <tc>0.045</tc>
    <drf>2</drf>
  </data>
  <data>
    <id>14</id>
    <density>100</density>
    <pei_1>1525</pei_1>
    <pei_2>424</pei_2>
    <tc>0.05</tc>
    <drf>-1</drf>
  </data>
  <data>
    <id>15</id>
    <density>200</density>
    <pei_1>5616</pei_1>
    <pei_2>1560</pei_2>
    <tc>0.045</tc>
    <drf>2</drf>
  </data>
  <data>
    <id>16</id>
    <density>32</density>
    <pei_1>3059</pei_1>
    <pei_2>850</pei_2>
    <tc>0.054</tc>
    <drf>175</drf>
  </data>
  <data>
    <id>17</id>
    <density>40</density>
    <pei_1>2758</pei_1>
    <pei_2>766</pei_2>
    <tc>0.03</tc>
    <drf>75</drf>
  </data>
  <data>
    <id>18</id>
    <density>35</density>
    <pei_1>1837</pei_1>
    <pei_2>510</pei_2>
    <tc>0.050</tc>
    <drf>50</drf>
  </data>
  <data>
    <id>19</id>
    <density>25</density>
    <pei_1>2386</pei_1>
    <pei_2>663</pei_2>
    <tc>0.050</tc>
    <drf>50</drf>
  </data>
  <data>
    <id>20</id>
    <density>60</density>
    <pei_1>1922</pei_1>
    <pei_2>534</pei_2>
    <tc>0.055</tc>
    <drf>4</drf>
  </data>
  <data>
    <id>21</id>
    <density>200</density>
    <pei_1>2026</pei_1>
    <pei_2>563</pei_2>
    <tc>0.055</tc>
    <drf>4</drf>
  </data>
  <data>
    <id>22</id>
    <density>45</density>
    <pei_1>148</pei_1>
    <pei_2>41</pei_2>
    <tc>0.045</tc>
    <drf>2</drf>
  </data>
  <data>
    <id>23</id>
    <density>80</density>
    <pei_1>2121</pei_1>
    <pei_2>589</pei_2>
    <tc>0.04</tc>
    <drf>2</drf>
  </data>
  <data>
    <id>24</id>
    <density>100</density>
    <pei_1>999</pei_1>
    <pei_2>277</pei_2>
    <tc>0.04</tc>
    <drf>7</drf>
  </data>
  <data>
    <id>25</id>
    <density>740</density>
    <pei_1>1181</pei_1>
    <pei_2>328</pei_2>
    <tc>0.14</tc>
    <drf>7</drf>
  </data>
  <data>
    <id>26</id>
    <density>800</density>
    <pei_1>1743</pei_1>
    <pei_2>484</pei_2>
    <tc>1</tc>
    <drf>7</drf>
  </data>
  <data>
    <id>27</id>
    <density>380</density>
    <pei_1>1387</pei_1>
    <pei_2>385</pei_2>
    <tc>0.11</tc>
    <drf>7</drf>
  </data>
  <data>
    <id>28</id>
    <density>472</density>
    <pei_1>2308</pei_1>
    <pei_2>641</pei_2>
    <tc>0.15</tc>
    <drf>7</drf>
  </data>
  <data>
    <id>29</id>
    <density>2000</density>
    <pei_1>2483</pei_1>
    <pei_2>690</pei_2>
    <tc>1.1</tc>
    <drf>20</drf>
  </data>
  <data>
    <id>30</id>
    <density>1200</density>
    <pei_1>1440</pei_1>
    <pei_2>400</pei_2>
    <tc>0.47</tc>
    <drf>7</drf>
  </data>
  <data>
    <id>31</id>
    <density>2000</density>
    <pei_1>106</pei_1>
    <pei_2>30</pei_2>
    <tc>1.1</tc>
    <drf>7</drf>
  </data>
  <data>
    <id>32</id>
    <density>2365</density>
    <pei_1>1133</pei_1>
    <pei_2>315</pei_2>
    <tc>2.00</tc>
    <drf>120</drf>
  </data>
  <data>
    <id>33</id>
    <density>2000</density>
    <pei_1>1365</pei_1>
    <pei_2>379</pei_2>
    <tc>1.35</tc>
    <drf>125</drf>
  </data>
  <data>
    <id>34</id>
    <density>500</density>
    <pei_1>744</pei_1>
    <pei_2>207</pei_2>
    <tc>0.15</tc>
    <drf>10</drf>
  </data>
  <data>
    <id>35</id>
    <density>500</density>
    <pei_1>1882</pei_1>
    <pei_2>523</pei_2>
    <tc>0.16</tc>
    <drf>10</drf>
  </data>
  <data>
    <id>36</id>
    <density>2520</density>
    <pei_1>5173</pei_1>
    <pei_2>1437</pei_2>
    <tc>2.5</tc>
    <drf>120</drf>
  </data>
  <data>
    <id>37</id>
    <density>2427</density>
    <pei_1>2588</pei_1>
    <pei_2>719</pei_2>
    <tc>2.5</tc>
    <drf>120</drf>
  </data>
  <data>
    <id>38</id>
    <density>1800</density>
    <pei_1>34522</pei_1>
    <pei_2>9589</pei_2>
    <tc>0.58</tc>
    <drf>-1</drf>
  </data>
  <data>
    <id>39</id>
    <density>2500</density>
    <pei_1>53709</pei_1>
    <pei_2>14919</pei_2>
    <tc>1</tc>
    <drf>-1</drf>
  </data>
  <data>
    <id>40</id>
    <density>800</density>
    <pei_1>2987</pei_1>
    <pei_2>830</pei_2>
    <tc>0.25</tc>
    <drf>-1</drf>
  </data>
  <data>
    <id>41</id>
    <density>1000</density>
    <pei_1>5505</pei_1>
    <pei_2>1529</pei_2>
    <tc>0.37</tc>
    <drf>7</drf>
  </data>
  <data>
    <id>42</id>
    <density>529</density>
    <pei_1>4271</pei_1>
    <pei_2>1186</pei_2>
    <tc>0.13</tc>
    <drf>50</drf>
  </data>
  <data>
    <id>43</id>
    <density>482</density>
    <pei_1>2741</pei_1>
    <pei_2>762</pei_2>
    <tc>0.12</tc>
    <drf>50</drf>
  </data>
  <data>
    <id>44</id>
    <density>515</density>
    <pei_1>4966</pei_1>
    <pei_2>1379</pei_2>
    <tc>0.13</tc>
    <drf>50</drf>
  </data>
  <data>
    <id>45</id>
    <density>490</density>
    <pei_1>3293</pei_1>
    <pei_2>915</pei_2>
    <tc>0.14</tc>
    <drf>125</drf>
  </data>
  <data>
    <id>46</id>
    <density>681</density>
    <pei_1>6465</pei_1>
    <pei_2>1796</pei_2>
    <tc>0.15</tc>
    <drf>25</drf>
  </data>
  <data>
    <id>47</id>
    <density>650</density>
    <pei_1>5084</pei_1>
    <pei_2>1412</pei_2>
    <tc>0.13</tc>
    <drf>50</drf>
  </data>
</set>