<?xml version="1.0"?>
<!DOCTYPE team [
  <!ENTITY auml "&#228;">
  <!ENTITY ouml "&#246;">
  <!ENTITY uuml "&#252;">
  <!ENTITY Auml "&#196;">
  <!ENTITY Ouml "&#214;">
  <!ENTITY Uuml "&#220;">
]>
<team>
  <person>
    <id>2</id>
    <email>john.doe@example-architects.local</email>
    <name>John Doe</name>
    <role>CEO &amp; Founder</role>
    <summary>
      <![CDATA[
      John graduated with a Bachelor of Architecture. He loves to travel
      for new experiences and inspiration; architecture is his passion.  
      ]]>
    </summary>
    <text>
      <![CDATA[
      John is the founder and CEO of EXAMPLE Architects. Prior to founding
      the firm in 1996, John worked in Copenhagen and Berlin for well-known
      companies. "My goal as an architect is to support clients in realizing
      buildings that promote their ambitions and dreams. I believe that
      a building can and should reflect the tastes and values of its owners
      and users", a philosophy that permeates the entire company.<br/>
      <br/>
      John graduated with a Bachelor of Architecture. He loves to travel
      for new experiences and inspiration; architecture is his passion.    
      ]]>
    </text>
  </person>
  <person>
    <id>1</id>
    <email>jane.doe@example-architects.local</email>
    <name>Jane Doe</name>
    <role>Architect</role>
    <summary>
      Since joining in 2016, she has been working on feasibility studies,
      design and implementation plans and independently managing projects.   
    </summary>
    <text>
      <![CDATA[
      Jane completed her Bachelor of Engineering at the Technische Hochschule Mittelhessen
      Giessen in 2001 and completed her academic education with a Master of Science
      at the Beuth Hochschule für Technik in Berlin.<br/>
      <br/>
      Since joining EXAMPLE Architects in the summer of 2016, she has been working
      on feasibility studies, design and implementation plans and independently
      manages projects in all phases of the work. 
      ]]>
    </text>
  </person>
  <person>
    <id>3</id>
    <email>mike.ross@example-architects.local</email>>
    <name>Mike Ross</name>
    <role>Architect</role>
    <summary>
      Mike has received numerous national and international awards and is
      internationally known and enjoys great popularity.   
    </summary>
    <text>
      <![CDATA[
      Mike studied architecture at the Technical University of Braunschweig, Germany,
      where he graduated with a degree in architecture. He received his Master of
      Architecture at the Southern California Institute of Architecture, Los Angeles,
      USA.<br/>
      <br/>
      Mike has received numerous national and international awards and is internationally
      known and enjoys great popularity. 
      ]]>
    </text>
  </person>
  <person>
    <id>4</id>
    <email>dan.star@@example-architects.local</email>
    <name>Dan Star</name>
    <role>Architect</role>
    <summary>
      Dan has extensive knowledge of Building Information Modeling (BIM),
      technical and sustainable design and building performance.  
    </summary>
    <text>
      <![CDATA[
      Dan joined EXAMPLE Architects in 2017. He is a civil engineer with a Bachelor's 
      degree in architectural technology and construction management from VIA University
      College in Denmark and a New Zealand diploma in architectural technology.<br/>
      <br/>
      Dan has extensive knowledge in Building Information Modeling (BIM), technical
      and sustainable design. He positions himself as a guardian of building performance. 
      ]]>
    </text>
  </person>
</team>