<?xml version="1.0"?>
<portfolio>
  <project>
    <id>1</id>
    <title>Summer House</title>
    <summary>
      <![CDATA[
      ]]>    
    </summary>
    <text>
      <![CDATA[
      ]]>    
    </text>
  </project>
  <project>
    <id>2</id>
    <title>Brick House</title>
    <summary>
      <![CDATA[
      ]]>    
    </summary>
    <text>
      <![CDATA[
      ]]>    
    </text>
  </project>
  <project>
    <id>3</id>
    <title>Renovated</title>
    <summary>
      <![CDATA[
      ]]>    
    </summary>
    <text>
      <![CDATA[
      ]]>    
    </text>
  </project>
  <project>
    <id>4</id>
    <title>Prefab House</title>
    <summary>
      <![CDATA[
      ]]>    
    </summary>
    <text>
      <![CDATA[
      ]]>    
    </text>
  </project>
  <project>
    <id>5</id>
    <title>Summer House</title>
    <summary>
      <![CDATA[
      Simple elegance in clinker and wood.
      ]]>    
    </summary>
    <text>
      <![CDATA[
      Summer house with two bedrooms, two bathrooms, living room, dining
      room, kitchen, sauna and fireplace for up to 6 people. Underfloor
      heating/gas floor heating.<br/>
      <br/>
      The spacious living area is equipped with noble real wood. On the
      ground floor there is a kitchen, a shower room with sauna and on the
      first floor two bedrooms with bath and toilet.       
      ]]>    
    </text>
  </project>
  <project>
    <id>6</id>
    <title>Brick House</title>
    <summary>
      <![CDATA[
      ]]>    
    </summary>
    <text>
      <![CDATA[
      ]]>    
    </text>
  </project>
  <project>
    <id>7</id>
    <title>Renovated</title>
    <summary>
      <![CDATA[
      ]]>    
    </summary>
    <text>
      <![CDATA[
      ]]>    
    </text>
  </project>
  <project>
    <id>8</id>
    <title>Prefab House</title>
    <summary>
      <![CDATA[
      ]]>    
    </summary>
    <text>
      <![CDATA[
      ]]>    
    </text>
  </project>
</portfolio>